{"commands":[{"type":"ADD","ID":"12345678","Name":"John Doe"},{"type":"ADD","ID":"23527787","Name":"Kanye West"},{"type":"ADD","ID":"12356789","Name":"Lebron James"},{"type":"ADD","ID":"99999999","Name":"Thomas Shelby"},{"type":"ADD","ID":"87654321","Name":"Arthur Shelby"},{"type":"ADD","ID":"15151515","Name":"Bruce Wayne"},{"type":"ADD","ID":"13579101","Name":"Mario Lopez"},{"type":"ADD","ID":"10000000","Name":"Marques Brownlee"},{"type":"ADD","ID":"20000000","Name":"Aaron Rodgers"},{"type":"ADD","ID":"30000000","Name":"Sam Darnold"},{"type":"ADD","ID":"56789101","Name":"Khalil Mack"},{"type":"ADD","ID":"45000000","Name":"Nick Young"},{"type":"MOD","ID":"13579101","Name":"Dave Chapelle"},{"type":"DEL","ID":"87654321","Name":"Arthur Shelby"},{"type":"ADD","ID":"11111111","Name":"Kobe Bryant"},{"type":"DEL","ID":"10000000","Name":"Marques Brownlee"},{"type":"MOD","ID":"12345678","Name":"Torendra Rasik"},{"type":"ADD","ID":"66666666","Name":"Shairaz Qamar}]}